,Loss,MAE,RMSE,VAL_LOSS,VAL_MAE,VAL_RMSE
1,0.061840558884044494,0.06184055966635545,0.061840558884044494,0.09864037654052178,0.09864037654052178,0.09864037654052178
2,0.0832440302024285,0.0792808823287487,0.08319127192099889,0.2008802314226826,0.18699684669574101,0.2045987718428175
3,0.06808476343750954,0.06214636233324806,0.06808476362377405,0.20308392585565646,0.18710194377228617,0.21323491397624214
4,0.04883360122330487,0.048833601611355935,0.04883360122330487,0.11652481165818042,0.1165248118237489,0.11652481165818042
5,0.07549745263186869,0.07235582695791015,0.07543853991147544,0.14392216924784912,0.13651681685889208,0.14726284990018165
6,0.10815198964749773,0.09790195499857267,0.10815199020629129,0.2027067398548954,0.18712912261899972,0.20493356405446927
7,0.047316641906897224,0.04731664251536131,0.047316641906897224,0.14886787355256578,0.14886787454597653,0.14886787355256578
8,0.07936636385404401,0.07582566043431008,0.07935685613365086,0.16285740010164404,0.15233335771632414,0.16058659237568026
9,0.07049022507336405,0.06222921705080403,0.07049022438004614,0.1908624143132733,0.17367652338515552,0.1924523062072694
