,Loss,MAE,RMSE,VAL_LOSS,VAL_MAE,VAL_RMSE
1,0.10100471855451663,0.09773691178609928,0.10414567484209936,0.14987239645173153,0.14818600391348202,0.14987239744514227
