,Loss,MAE,RMSE,VAL_LOSS,VAL_MAE,VAL_RMSE
1,0.03296806879341602,0.03237964582629502,0.03300312681123614,0.03872002705931664,0.03787203490734101,0.03872002705931664
