,Loss,MAE,RMSE,VAL_LOSS,VAL_MAE,VAL_RMSE
1,0.07942939950153231,0.07935897170876463,0.07908178130164742,0.045624028208355115,0.04521075935723881,0.04965185138086478
