,Loss,MAE,RMSE,VAL_LOSS,VAL_MAE,VAL_RMSE
1,0.3121054192384084,0.2577810873587926,0.3154854704936345,0.30273968279361724,0.2506869296232859,0.30626534521579746
