,Loss,MAE,RMSE,VAL_LOSS,VAL_MAE,VAL_RMSE
1,0.031370452642440795,0.030440380970637004,0.031370452642440795,0.042616321705281734,0.04210901752114296,0.042616321705281734
2,0.04405270304530859,0.04017130170017481,0.044027314012249304,0.054806704589476195,0.04978511332844695,0.05512541757896542
3,0.15432821345825992,0.14547912897542117,0.15446937032664815,0.18757182102029524,0.1751267196206997,0.19060854171092312
4,0.02839239856435193,0.02693807165034943,0.02839239856435193,0.0667684253046496,0.06610560784012907,0.0667684253046496
5,0.034010868947263115,0.03044264126155112,0.0339767963728971,0.05899755788484105,0.05447417482802713,0.06028347284429603
6,0.12229589866991673,0.11349321845918893,0.12229649970411427,0.15948273688037362,0.1449194772324214,0.16221906244237388
7,0.028437381659944857,0.02679722100496292,0.028437381659944857,0.0487785124219954,0.048080861077954375,0.0487785124219954
8,0.03466915522736532,0.031026677559647293,0.0346641395792917,0.05295456717549651,0.048600273010217486,0.053433906790558934
9,0.1011462206279652,0.09276127562237284,0.10106873477602173,0.13903196172064378,0.12740911145228895,0.13984911698175387
