,Loss,MAE,RMSE,VAL_LOSS,VAL_MAE,VAL_RMSE
1,0.291708246866862,0.24027210772037508,0.2928615649541219,0.31519164294004437,0.25944863706827165,0.3160823414723078
