,Loss,MAE,RMSE,VAL_LOSS,VAL_MAE,VAL_RMSE
1,0.046027928994347656,0.04593461924232543,0.045845391880720864,0.04153497147684296,0.04118155845596145,0.04643119771305162
