,Loss,MAE,RMSE,VAL_LOSS,VAL_MAE,VAL_RMSE
1,0.03801954166342815,0.03801954166342815,0.03801954166342815,0.07891524328539769,0.07891524328539769,0.07891524328539769
2,0.05546838355561098,0.0515037723382314,0.05554140787571669,0.1230960621808966,0.1119944523399075,0.12618204190085333
3,0.10177773607273898,0.0962596899519364,0.1017301144078374,0.18575113312030833,0.17759899600719412,0.1923522752771775
4,0.03494832175783813,0.03494832175783813,0.03494832175783813,0.07455236413516104,0.07455236413516104,0.07455236413516104
5,0.03792332870264848,0.03516905113916706,0.037972844426554665,0.1369722705748346,0.12958103131364893,0.13472923741296486
6,0.10631412010019024,0.10119118627367747,0.10697112483903765,0.17338745101458497,0.1646688601364278,0.17236193379180298
7,0.0458200204372406,0.0458200204372406,0.0458200204372406,0.09212908231963714,0.09212908231963714,0.09212908231963714
8,0.03711822123991119,0.03430643839140733,0.03710318411941882,0.13163503649886008,0.12200925659595263,0.1308574097989886
9,0.17407885552901362,0.16756883927931387,0.17408635545935894,0.27709379849127597,0.2673994431944771,0.2706801683797191
